,search,user_id,좋아요,hashtags
0,jjoo_won_e,"jjoo_won_e/"" tabindex=""0"">jjoo_won_e</a></div>]",0,벚꽃
,search,user_id,좋아요,hashtags
1,jjoo_won_e,"jjoo_won_e/"" tabindex=""0"">jjoo_won_e</a></div>]",0,마실
,search,user_id,좋아요,hashtags
3,jjoo_won_e,"jjoo_won_e/"" tabindex=""0"">jjoo_won_e</a></div>]",0,아바라최고
,search,user_id,좋아요,hashtags
5,jjoo_won_e,"jjoo_won_e/"" tabindex=""0"">jjoo_won_e</a></div>]",0,자유
,search,user_id,좋아요,hashtags
7,jjoo_won_e,"jjoo_won_e/"" tabindex=""0"">jjoo_won_e</a></div>]",6,태어난지
,search,user_id,좋아요,hashtags
9,jjoo_won_e,"jjoo_won_e/"" tabindex=""0"">jjoo_won_e</a></div>]",6,131일
,search,user_id,좋아요,hashtags
11,jjoo_won_e,"jjoo_won_e/"" tabindex=""0"">jjoo_won_e</a></div>]",6,미가스튜디오
,search,user_id,좋아요,hashtags
13,jjoo_won_e,"jjoo_won_e/"" tabindex=""0"">jjoo_won_e</a></div>]",6,100일
,search,user_id,좋아요,hashtags
15,jjoo_won_e,"jjoo_won_e/"" tabindex=""0"">jjoo_won_e</a></div>]",6,100일사진
,search,user_id,좋아요,hashtags
17,jjoo_won_e,"jjoo_won_e/"" tabindex=""0"">jjoo_won_e</a></div>]",6,100일촬영
,search,user_id,좋아요,hashtags
19,jjoo_won_e,"jjoo_won_e/"" tabindex=""0"">jjoo_won_e</a></div>]",26,협찬
,search,user_id,좋아요,hashtags
21,jjoo_won_e,"jjoo_won_e/"" tabindex=""0"">jjoo_won_e</a></div>]",26,아이보리캠페인
,search,user_id,좋아요,hashtags
23,jjoo_won_e,"jjoo_won_e/"" tabindex=""0"">jjoo_won_e</a></div>]",26,생후1일부터
,search,user_id,좋아요,hashtags
25,jjoo_won_e,"jjoo_won_e/"" tabindex=""0"">jjoo_won_e</a></div>]",26,벨레다베이비
,search,user_id,좋아요,hashtags
27,jjoo_won_e,"jjoo_won_e/"" tabindex=""0"">jjoo_won_e</a></div>]",26,카렌듈라베이비오일
,search,user_id,좋아요,hashtags
29,jjoo_won_e,"jjoo_won_e/"" tabindex=""0"">jjoo_won_e</a></div>]",26,베이비오일
,search,user_id,좋아요,hashtags
31,jjoo_won_e,"jjoo_won_e/"" tabindex=""0"">jjoo_won_e</a></div>]",26,베이비마사지
,search,user_id,좋아요,hashtags
33,jjoo_won_e,"jjoo_won_e/"" tabindex=""0"">jjoo_won_e</a></div>]",39,태어난지
,search,user_id,좋아요,hashtags
35,jjoo_won_e,"jjoo_won_e/"" tabindex=""0"">jjoo_won_e</a></div>]",39,125일
,search,user_id,좋아요,hashtags
37,jjoo_won_e,"jjoo_won_e/"" tabindex=""0"">jjoo_won_e</a></div>]",39,4개월
,search,user_id,좋아요,hashtags
39,jjoo_won_e,"jjoo_won_e/"" tabindex=""0"">jjoo_won_e</a></div>]",39,원더윅스인가
,search,user_id,좋아요,hashtags
41,jjoo_won_e,"jjoo_won_e/"" tabindex=""0"">jjoo_won_e</a></div>]",46,점퍼루
,search,user_id,좋아요,hashtags
43,jjoo_won_e,"jjoo_won_e/"" tabindex=""0"">jjoo_won_e</a></div>]",46,태어난지
,search,user_id,좋아요,hashtags
45,jjoo_won_e,"jjoo_won_e/"" tabindex=""0"">jjoo_won_e</a></div>]",46,116일
,search,user_id,좋아요,hashtags
47,jjoo_won_e,"jjoo_won_e/"" tabindex=""0"">jjoo_won_e</a></div>]",50,태어난지
,search,user_id,좋아요,hashtags
49,jjoo_won_e,"jjoo_won_e/"" tabindex=""0"">jjoo_won_e</a></div>]",50,110일
,search,user_id,좋아요,hashtags
51,jjoo_won_e,"jjoo_won_e/"" tabindex=""0"">jjoo_won_e</a></div>]",62,사랑해
,search,user_id,좋아요,hashtags
53,jjoo_won_e,"jjoo_won_e/"" tabindex=""0"">jjoo_won_e</a></div>]",47,주먹고기
,search,user_id,좋아요,hashtags
55,jjoo_won_e,"jjoo_won_e/"" tabindex=""0"">jjoo_won_e</a></div>]",47,촵촵
,search,user_id,좋아요,hashtags
57,jjoo_won_e,"jjoo_won_e/"" tabindex=""0"">jjoo_won_e</a></div>]",47,태어난지
,search,user_id,좋아요,hashtags
59,jjoo_won_e,"jjoo_won_e/"" tabindex=""0"">jjoo_won_e</a></div>]",47,100일
,search,user_id,좋아요,hashtags
61,jjoo_won_e,"jjoo_won_e/"" tabindex=""0"">jjoo_won_e</a></div>]",53,태어난지
,search,user_id,좋아요,hashtags
63,jjoo_won_e,"jjoo_won_e/"" tabindex=""0"">jjoo_won_e</a></div>]",53,92일
,search,user_id,좋아요,hashtags
65,jjoo_won_e,"jjoo_won_e/"" tabindex=""0"">jjoo_won_e</a></div>]",39,태어난지
,search,user_id,좋아요,hashtags
67,jjoo_won_e,"jjoo_won_e/"" tabindex=""0"">jjoo_won_e</a></div>]",39,3개월
,search,user_id,좋아요,hashtags
69,jjoo_won_e,"jjoo_won_e/"" tabindex=""0"">jjoo_won_e</a></div>]",55,태어난지
,search,user_id,좋아요,hashtags
71,jjoo_won_e,"jjoo_won_e/"" tabindex=""0"">jjoo_won_e</a></div>]",55,89일
,search,user_id,좋아요,hashtags
73,jjoo_won_e,"jjoo_won_e/"" tabindex=""0"">jjoo_won_e</a></div>]",48,태어난지
,search,user_id,좋아요,hashtags
75,jjoo_won_e,"jjoo_won_e/"" tabindex=""0"">jjoo_won_e</a></div>]",48,88일
,search,user_id,좋아요,hashtags
77,jjoo_won_e,"jjoo_won_e/"" tabindex=""0"">jjoo_won_e</a></div>]",61,천천히
,search,user_id,좋아요,hashtags
79,jjoo_won_e,"jjoo_won_e/"" tabindex=""0"">jjoo_won_e</a></div>]",61,자라줘❤️
,search,user_id,좋아요,hashtags
81,jjoo_won_e,"jjoo_won_e/"" tabindex=""0"">jjoo_won_e</a></div>]",61,내시끼
,search,user_id,좋아요,hashtags
83,jjoo_won_e,"jjoo_won_e/"" tabindex=""0"">jjoo_won_e</a></div>]",74,70일
,search,user_id,좋아요,hashtags
85,jjoo_won_e,"jjoo_won_e/"" tabindex=""0"">jjoo_won_e</a></div>]",74,아기
,search,user_id,좋아요,hashtags
87,jjoo_won_e,"jjoo_won_e/"" tabindex=""0"">jjoo_won_e</a></div>]",74,사랑해
,search,user_id,좋아요,hashtags
89,jjoo_won_e,"jjoo_won_e/"" tabindex=""0"">jjoo_won_e</a></div>]",51,스위마바
,search,user_id,좋아요,hashtags
91,jjoo_won_e,"jjoo_won_e/"" tabindex=""0"">jjoo_won_e</a></div>]",51,아기수영장
,search,user_id,좋아요,hashtags
93,jjoo_won_e,"jjoo_won_e/"" tabindex=""0"">jjoo_won_e</a></div>]",51,울아들
,search,user_id,좋아요,hashtags
95,jjoo_won_e,"jjoo_won_e/"" tabindex=""0"">jjoo_won_e</a></div>]",51,돌고래
,search,user_id,좋아요,hashtags
97,jjoo_won_e,"jjoo_won_e/"" tabindex=""0"">jjoo_won_e</a></div>]",51,❤️
,search,user_id,좋아요,hashtags
99,jjoo_won_e,"jjoo_won_e/"" tabindex=""0"">jjoo_won_e</a></div>]",51,love
,search,user_id,좋아요,hashtags
101,jjoo_won_e,"jjoo_won_e/"" tabindex=""0"">jjoo_won_e</a></div>]",53,오늘은
,search,user_id,좋아요,hashtags
103,jjoo_won_e,"jjoo_won_e/"" tabindex=""0"">jjoo_won_e</a></div>]",53,엄마랑
,search,user_id,좋아요,hashtags
105,jjoo_won_e,"jjoo_won_e/"" tabindex=""0"">jjoo_won_e</a></div>]",53,셀카
,search,user_id,좋아요,hashtags
107,jjoo_won_e,"jjoo_won_e/"" tabindex=""0"">jjoo_won_e</a></div>]",53,love
,search,user_id,좋아요,hashtags
109,jjoo_won_e,"jjoo_won_e/"" tabindex=""0"">jjoo_won_e</a></div>]",53,❤️
,search,user_id,좋아요,hashtags
111,jjoo_won_e,"jjoo_won_e/"" tabindex=""0"">jjoo_won_e</a></div>]",1,벚꽃
,search,user_id,좋아요,hashtags
113,jjoo_won_e,"jjoo_won_e/"" tabindex=""0"">jjoo_won_e</a></div>]",1,마실
,search,user_id,좋아요,hashtags
115,jjoo_won_e,"jjoo_won_e/"" tabindex=""0"">jjoo_won_e</a></div>]",1,아바라최고
,search,user_id,좋아요,hashtags
117,jjoo_won_e,"jjoo_won_e/"" tabindex=""0"">jjoo_won_e</a></div>]",1,자유
,search,user_id,좋아요,hashtags
119,jjoo_won_e,"jjoo_won_e/"" tabindex=""0"">jjoo_won_e</a></div>]",6,태어난지
,search,user_id,좋아요,hashtags
121,jjoo_won_e,"jjoo_won_e/"" tabindex=""0"">jjoo_won_e</a></div>]",6,131일
,search,user_id,좋아요,hashtags
123,jjoo_won_e,"jjoo_won_e/"" tabindex=""0"">jjoo_won_e</a></div>]",6,미가스튜디오
,search,user_id,좋아요,hashtags
125,jjoo_won_e,"jjoo_won_e/"" tabindex=""0"">jjoo_won_e</a></div>]",6,100일
,search,user_id,좋아요,hashtags
127,jjoo_won_e,"jjoo_won_e/"" tabindex=""0"">jjoo_won_e</a></div>]",6,100일사진
,search,user_id,좋아요,hashtags
129,jjoo_won_e,"jjoo_won_e/"" tabindex=""0"">jjoo_won_e</a></div>]",6,100일촬영
,search,user_id,좋아요,hashtags
131,jjoo_won_e,"jjoo_won_e/"" tabindex=""0"">jjoo_won_e</a></div>]",26,협찬
,search,user_id,좋아요,hashtags
133,jjoo_won_e,"jjoo_won_e/"" tabindex=""0"">jjoo_won_e</a></div>]",26,아이보리캠페인
,search,user_id,좋아요,hashtags
135,jjoo_won_e,"jjoo_won_e/"" tabindex=""0"">jjoo_won_e</a></div>]",26,생후1일부터
,search,user_id,좋아요,hashtags
137,jjoo_won_e,"jjoo_won_e/"" tabindex=""0"">jjoo_won_e</a></div>]",26,벨레다베이비
,search,user_id,좋아요,hashtags
139,jjoo_won_e,"jjoo_won_e/"" tabindex=""0"">jjoo_won_e</a></div>]",26,카렌듈라베이비오일
,search,user_id,좋아요,hashtags
141,jjoo_won_e,"jjoo_won_e/"" tabindex=""0"">jjoo_won_e</a></div>]",26,베이비오일
,search,user_id,좋아요,hashtags
143,jjoo_won_e,"jjoo_won_e/"" tabindex=""0"">jjoo_won_e</a></div>]",26,베이비마사지
,search,user_id,좋아요,hashtags
145,jjoo_won_e,"jjoo_won_e/"" tabindex=""0"">jjoo_won_e</a></div>]",39,태어난지
,search,user_id,좋아요,hashtags
147,jjoo_won_e,"jjoo_won_e/"" tabindex=""0"">jjoo_won_e</a></div>]",39,125일
,search,user_id,좋아요,hashtags
149,jjoo_won_e,"jjoo_won_e/"" tabindex=""0"">jjoo_won_e</a></div>]",39,4개월
,search,user_id,좋아요,hashtags
151,jjoo_won_e,"jjoo_won_e/"" tabindex=""0"">jjoo_won_e</a></div>]",39,원더윅스인가
,search,user_id,좋아요,hashtags
153,jjoo_won_e,"jjoo_won_e/"" tabindex=""0"">jjoo_won_e</a></div>]",46,점퍼루
,search,user_id,좋아요,hashtags
155,jjoo_won_e,"jjoo_won_e/"" tabindex=""0"">jjoo_won_e</a></div>]",46,태어난지
,search,user_id,좋아요,hashtags
157,jjoo_won_e,"jjoo_won_e/"" tabindex=""0"">jjoo_won_e</a></div>]",46,116일
,search,user_id,좋아요,hashtags
159,jjoo_won_e,"jjoo_won_e/"" tabindex=""0"">jjoo_won_e</a></div>]",50,태어난지
,search,user_id,좋아요,hashtags
161,jjoo_won_e,"jjoo_won_e/"" tabindex=""0"">jjoo_won_e</a></div>]",50,110일
,search,user_id,좋아요,hashtags
163,jjoo_won_e,"jjoo_won_e/"" tabindex=""0"">jjoo_won_e</a></div>]",62,사랑해
,search,user_id,좋아요,hashtags
165,jjoo_won_e,"jjoo_won_e/"" tabindex=""0"">jjoo_won_e</a></div>]",47,주먹고기
,search,user_id,좋아요,hashtags
167,jjoo_won_e,"jjoo_won_e/"" tabindex=""0"">jjoo_won_e</a></div>]",47,촵촵
,search,user_id,좋아요,hashtags
169,jjoo_won_e,"jjoo_won_e/"" tabindex=""0"">jjoo_won_e</a></div>]",47,태어난지
,search,user_id,좋아요,hashtags
171,jjoo_won_e,"jjoo_won_e/"" tabindex=""0"">jjoo_won_e</a></div>]",47,100일
,search,user_id,좋아요,hashtags
173,jjoo_won_e,"jjoo_won_e/"" tabindex=""0"">jjoo_won_e</a></div>]",53,태어난지
,search,user_id,좋아요,hashtags
175,jjoo_won_e,"jjoo_won_e/"" tabindex=""0"">jjoo_won_e</a></div>]",53,92일
,search,user_id,좋아요,hashtags
177,jjoo_won_e,"jjoo_won_e/"" tabindex=""0"">jjoo_won_e</a></div>]",39,태어난지
,search,user_id,좋아요,hashtags
179,jjoo_won_e,"jjoo_won_e/"" tabindex=""0"">jjoo_won_e</a></div>]",39,3개월
,search,user_id,좋아요,hashtags
181,jjoo_won_e,"jjoo_won_e/"" tabindex=""0"">jjoo_won_e</a></div>]",55,태어난지
,search,user_id,좋아요,hashtags
183,jjoo_won_e,"jjoo_won_e/"" tabindex=""0"">jjoo_won_e</a></div>]",55,89일
,search,user_id,좋아요,hashtags
185,jjoo_won_e,"jjoo_won_e/"" tabindex=""0"">jjoo_won_e</a></div>]",48,태어난지
,search,user_id,좋아요,hashtags
187,jjoo_won_e,"jjoo_won_e/"" tabindex=""0"">jjoo_won_e</a></div>]",48,88일
,search,user_id,좋아요,hashtags
189,jjoo_won_e,"jjoo_won_e/"" tabindex=""0"">jjoo_won_e</a></div>]",61,천천히
,search,user_id,좋아요,hashtags
191,jjoo_won_e,"jjoo_won_e/"" tabindex=""0"">jjoo_won_e</a></div>]",61,자라줘❤️
,search,user_id,좋아요,hashtags
193,jjoo_won_e,"jjoo_won_e/"" tabindex=""0"">jjoo_won_e</a></div>]",61,내시끼
,search,user_id,좋아요,hashtags
195,jjoo_won_e,"jjoo_won_e/"" tabindex=""0"">jjoo_won_e</a></div>]",74,70일
,search,user_id,좋아요,hashtags
197,jjoo_won_e,"jjoo_won_e/"" tabindex=""0"">jjoo_won_e</a></div>]",74,아기
,search,user_id,좋아요,hashtags
199,jjoo_won_e,"jjoo_won_e/"" tabindex=""0"">jjoo_won_e</a></div>]",74,사랑해
,search,user_id,좋아요,hashtags
201,jjoo_won_e,"jjoo_won_e/"" tabindex=""0"">jjoo_won_e</a></div>]",51,스위마바
,search,user_id,좋아요,hashtags
203,jjoo_won_e,"jjoo_won_e/"" tabindex=""0"">jjoo_won_e</a></div>]",51,아기수영장
,search,user_id,좋아요,hashtags
205,jjoo_won_e,"jjoo_won_e/"" tabindex=""0"">jjoo_won_e</a></div>]",51,울아들
,search,user_id,좋아요,hashtags
207,jjoo_won_e,"jjoo_won_e/"" tabindex=""0"">jjoo_won_e</a></div>]",51,돌고래
,search,user_id,좋아요,hashtags
209,jjoo_won_e,"jjoo_won_e/"" tabindex=""0"">jjoo_won_e</a></div>]",51,❤️
,search,user_id,좋아요,hashtags
211,jjoo_won_e,"jjoo_won_e/"" tabindex=""0"">jjoo_won_e</a></div>]",51,love
,search,user_id,좋아요,hashtags
213,jjoo_won_e,"jjoo_won_e/"" tabindex=""0"">jjoo_won_e</a></div>]",53,오늘은
,search,user_id,좋아요,hashtags
215,jjoo_won_e,"jjoo_won_e/"" tabindex=""0"">jjoo_won_e</a></div>]",53,엄마랑
,search,user_id,좋아요,hashtags
217,jjoo_won_e,"jjoo_won_e/"" tabindex=""0"">jjoo_won_e</a></div>]",53,셀카
,search,user_id,좋아요,hashtags
219,jjoo_won_e,"jjoo_won_e/"" tabindex=""0"">jjoo_won_e</a></div>]",53,love
,search,user_id,좋아요,hashtags
221,jjoo_won_e,"jjoo_won_e/"" tabindex=""0"">jjoo_won_e</a></div>]",53,❤️
,search,user_id,좋아요,hashtags
223,jjoo_won_e,"jjoo_won_e/"" tabindex=""0"">jjoo_won_e</a></div>]",52,육아
,search,user_id,좋아요,hashtags
225,jjoo_won_e,"jjoo_won_e/"" tabindex=""0"">jjoo_won_e</a></div>]",52,육아스타그램
,search,user_id,좋아요,hashtags
227,jjoo_won_e,"jjoo_won_e/"" tabindex=""0"">jjoo_won_e</a></div>]",52,아들맘
,search,user_id,좋아요,hashtags
229,jjoo_won_e,"jjoo_won_e/"" tabindex=""0"">jjoo_won_e</a></div>]",52,아들바보
,search,user_id,좋아요,hashtags
231,jjoo_won_e,"jjoo_won_e/"" tabindex=""0"">jjoo_won_e</a></div>]",52,쥐띠
,search,user_id,좋아요,hashtags
233,jjoo_won_e,"jjoo_won_e/"" tabindex=""0"">jjoo_won_e</a></div>]",52,쥐띠맘
,search,user_id,좋아요,hashtags
235,jjoo_won_e,"jjoo_won_e/"" tabindex=""0"">jjoo_won_e</a></div>]",52,쥐띠아기
,search,user_id,좋아요,hashtags
237,jjoo_won_e,"jjoo_won_e/"" tabindex=""0"">jjoo_won_e</a></div>]",52,baby
,search,user_id,좋아요,hashtags
239,jjoo_won_e,"jjoo_won_e/"" tabindex=""0"">jjoo_won_e</a></div>]",52,babystagram
,search,user_id,좋아요,hashtags
241,jjoo_won_e,"jjoo_won_e/"" tabindex=""0"">jjoo_won_e</a></div>]",52,베이비
,search,user_id,좋아요,hashtags
243,jjoo_won_e,"jjoo_won_e/"" tabindex=""0"">jjoo_won_e</a></div>]",52,베이비스타그램
,search,user_id,좋아요,hashtags
245,jjoo_won_e,"jjoo_won_e/"" tabindex=""0"">jjoo_won_e</a></div>]",52,일상
,search,user_id,좋아요,hashtags
247,jjoo_won_e,"jjoo_won_e/"" tabindex=""0"">jjoo_won_e</a></div>]",52,육아일상
,search,user_id,좋아요,hashtags
249,jjoo_won_e,"jjoo_won_e/"" tabindex=""0"">jjoo_won_e</a></div>]",52,소통
,search,user_id,좋아요,hashtags
251,jjoo_won_e,"jjoo_won_e/"" tabindex=""0"">jjoo_won_e</a></div>]",52,아기소통
,search,user_id,좋아요,hashtags
253,jjoo_won_e,"jjoo_won_e/"" tabindex=""0"">jjoo_won_e</a></div>]",52,육아일기
,search,user_id,좋아요,hashtags
255,jjoo_won_e,"jjoo_won_e/"" tabindex=""0"">jjoo_won_e</a></div>]",52,선팔
,search,user_id,좋아요,hashtags
257,jjoo_won_e,"jjoo_won_e/"" tabindex=""0"">jjoo_won_e</a></div>]",52,맞팔
,search,user_id,좋아요,hashtags
259,jjoo_won_e,"jjoo_won_e/"" tabindex=""0"">jjoo_won_e</a></div>]",52,좋아요
,search,user_id,좋아요,hashtags
261,jjoo_won_e,"jjoo_won_e/"" tabindex=""0"">jjoo_won_e</a></div>]",52,50일
,search,user_id,좋아요,hashtags
263,jjoo_won_e,"jjoo_won_e/"" tabindex=""0"">jjoo_won_e</a></div>]",52,셀프촬영
,search,user_id,좋아요,hashtags
265,jjoo_won_e,"jjoo_won_e/"" tabindex=""0"">jjoo_won_e</a></div>]",52,사랑해
,search,user_id,좋아요,hashtags
267,jjoo_won_e,"jjoo_won_e/"" tabindex=""0"">jjoo_won_e</a></div>]",52,❤️
,search,user_id,좋아요,hashtags
269,jjoo_won_e,"jjoo_won_e/"" tabindex=""0"">jjoo_won_e</a></div>]",59,baby
,search,user_id,좋아요,hashtags
271,jjoo_won_e,"jjoo_won_e/"" tabindex=""0"">jjoo_won_e</a></div>]",59,babystagram
,search,user_id,좋아요,hashtags
273,jjoo_won_e,"jjoo_won_e/"" tabindex=""0"">jjoo_won_e</a></div>]",59,육아
,search,user_id,좋아요,hashtags
275,jjoo_won_e,"jjoo_won_e/"" tabindex=""0"">jjoo_won_e</a></div>]",59,육아스타그램
,search,user_id,좋아요,hashtags
277,jjoo_won_e,"jjoo_won_e/"" tabindex=""0"">jjoo_won_e</a></div>]",59,아들맘
,search,user_id,좋아요,hashtags
279,jjoo_won_e,"jjoo_won_e/"" tabindex=""0"">jjoo_won_e</a></div>]",59,아들바보
,search,user_id,좋아요,hashtags
281,jjoo_won_e,"jjoo_won_e/"" tabindex=""0"">jjoo_won_e</a></div>]",59,쥐띠
,search,user_id,좋아요,hashtags
283,jjoo_won_e,"jjoo_won_e/"" tabindex=""0"">jjoo_won_e</a></div>]",59,쥐띠아기
,search,user_id,좋아요,hashtags
285,jjoo_won_e,"jjoo_won_e/"" tabindex=""0"">jjoo_won_e</a></div>]",59,쥐띠맘
,search,user_id,좋아요,hashtags
287,jjoo_won_e,"jjoo_won_e/"" tabindex=""0"">jjoo_won_e</a></div>]",59,베이비스타그램
,search,user_id,좋아요,hashtags
289,jjoo_won_e,"jjoo_won_e/"" tabindex=""0"">jjoo_won_e</a></div>]",59,일상
,search,user_id,좋아요,hashtags
291,jjoo_won_e,"jjoo_won_e/"" tabindex=""0"">jjoo_won_e</a></div>]",59,데일리
,search,user_id,좋아요,hashtags
293,jjoo_won_e,"jjoo_won_e/"" tabindex=""0"">jjoo_won_e</a></div>]",59,육아일상
,search,user_id,좋아요,hashtags
295,jjoo_won_e,"jjoo_won_e/"" tabindex=""0"">jjoo_won_e</a></div>]",59,소통
,search,user_id,좋아요,hashtags
297,jjoo_won_e,"jjoo_won_e/"" tabindex=""0"">jjoo_won_e</a></div>]",59,육아소통
,search,user_id,좋아요,hashtags
299,jjoo_won_e,"jjoo_won_e/"" tabindex=""0"">jjoo_won_e</a></div>]",59,아기소통
,search,user_id,좋아요,hashtags
301,jjoo_won_e,"jjoo_won_e/"" tabindex=""0"">jjoo_won_e</a></div>]",59,45일
,search,user_id,좋아요,hashtags
303,jjoo_won_e,"jjoo_won_e/"" tabindex=""0"">jjoo_won_e</a></div>]",59,육아일기
,search,user_id,좋아요,hashtags
305,jjoo_won_e,"jjoo_won_e/"" tabindex=""0"">jjoo_won_e</a></div>]",59,선팔
,search,user_id,좋아요,hashtags
307,jjoo_won_e,"jjoo_won_e/"" tabindex=""0"">jjoo_won_e</a></div>]",59,맞팔
,search,user_id,좋아요,hashtags
309,jjoo_won_e,"jjoo_won_e/"" tabindex=""0"">jjoo_won_e</a></div>]",59,좋아요
,search,user_id,좋아요,hashtags
311,jjoo_won_e,"jjoo_won_e/"" tabindex=""0"">jjoo_won_e</a></div>]",59,반사
,search,user_id,좋아요,hashtags
313,jjoo_won_e,"jjoo_won_e/"" tabindex=""0"">jjoo_won_e</a></div>]",59,❤️
,search,user_id,좋아요,hashtags
315,jjoo_won_e,"jjoo_won_e/"" tabindex=""0"">jjoo_won_e</a></div>]",59,baby
,search,user_id,좋아요,hashtags
317,jjoo_won_e,"jjoo_won_e/"" tabindex=""0"">jjoo_won_e</a></div>]",59,잘먹고잘자고잘싸고
,search,user_id,좋아요,hashtags
319,jjoo_won_e,"jjoo_won_e/"" tabindex=""0"">jjoo_won_e</a></div>]",88,40일
,search,user_id,좋아요,hashtags
321,jjoo_won_e,"jjoo_won_e/"" tabindex=""0"">jjoo_won_e</a></div>]",88,baby
,search,user_id,좋아요,hashtags
323,jjoo_won_e,"jjoo_won_e/"" tabindex=""0"">jjoo_won_e</a></div>]",74,육아
,search,user_id,좋아요,hashtags
325,jjoo_won_e,"jjoo_won_e/"" tabindex=""0"">jjoo_won_e</a></div>]",74,육아스타그램
,search,user_id,좋아요,hashtags
327,jjoo_won_e,"jjoo_won_e/"" tabindex=""0"">jjoo_won_e</a></div>]",74,소통
,search,user_id,좋아요,hashtags
329,jjoo_won_e,"jjoo_won_e/"" tabindex=""0"">jjoo_won_e</a></div>]",74,육아소통
,search,user_id,좋아요,hashtags
331,jjoo_won_e,"jjoo_won_e/"" tabindex=""0"">jjoo_won_e</a></div>]",74,선팔맞팔
,search,user_id,좋아요,hashtags
333,jjoo_won_e,"jjoo_won_e/"" tabindex=""0"">jjoo_won_e</a></div>]",74,아들맘
,search,user_id,좋아요,hashtags
335,jjoo_won_e,"jjoo_won_e/"" tabindex=""0"">jjoo_won_e</a></div>]",74,아들바보
,search,user_id,좋아요,hashtags
337,jjoo_won_e,"jjoo_won_e/"" tabindex=""0"">jjoo_won_e</a></div>]",74,쥐띠아기
,search,user_id,좋아요,hashtags
339,jjoo_won_e,"jjoo_won_e/"" tabindex=""0"">jjoo_won_e</a></div>]",74,베이비스타그램
,search,user_id,좋아요,hashtags
341,jjoo_won_e,"jjoo_won_e/"" tabindex=""0"">jjoo_won_e</a></div>]",74,베이비
,search,user_id,좋아요,hashtags
343,jjoo_won_e,"jjoo_won_e/"" tabindex=""0"">jjoo_won_e</a></div>]",58,원더윅스
,search,user_id,좋아요,hashtags
345,jjoo_won_e,"jjoo_won_e/"" tabindex=""0"">jjoo_won_e</a></div>]",58,시작
,search,user_id,좋아요,hashtags
347,jjoo_won_e,"jjoo_won_e/"" tabindex=""0"">jjoo_won_e</a></div>]",58,육아스타그램
,search,user_id,좋아요,hashtags
349,jjoo_won_e,"jjoo_won_e/"" tabindex=""0"">jjoo_won_e</a></div>]",58,아들맘
,search,user_id,좋아요,hashtags
351,jjoo_won_e,"jjoo_won_e/"" tabindex=""0"">jjoo_won_e</a></div>]",58,쥐띠맘
,search,user_id,좋아요,hashtags
353,jjoo_won_e,"jjoo_won_e/"" tabindex=""0"">jjoo_won_e</a></div>]",58,아들바보
,search,user_id,좋아요,hashtags
355,jjoo_won_e,"jjoo_won_e/"" tabindex=""0"">jjoo_won_e</a></div>]",41,육아스타그램
,search,user_id,좋아요,hashtags
357,jjoo_won_e,"jjoo_won_e/"" tabindex=""0"">jjoo_won_e</a></div>]",41,아들맘
,search,user_id,좋아요,hashtags
359,jjoo_won_e,"jjoo_won_e/"" tabindex=""0"">jjoo_won_e</a></div>]",41,쥐띠맘
,search,user_id,좋아요,hashtags
361,jjoo_won_e,"jjoo_won_e/"" tabindex=""0"">jjoo_won_e</a></div>]",41,아들바보
